backend,n_atoms,cutoff,threads,build_s_median,build_s_min,peak_mb,system,first_call_s,tracemalloc_mb,n_repeats,status
ase,4000,5.0,1,0.3959354870021343,0.36917939712293446,2245.90625,cubic,0.4600675371475518,197.94396305084229,5,ok
matscipy,4000,5.0,1,0.04582503694109619,0.043972695944830775,2245.90625,cubic,0.046088464092463255,12.711431503295898,5,ok
matscipy-neighbours,4000,5.0,1,0.026961297960951924,0.025487279053777456,2245.90625,cubic,0.026951686944812536,10.727880477905273,5,ok
vesin,4000,5.0,1,0.04156084591522813,0.04017497296445072,2245.90625,cubic,0.047180342953652143,19.05044174194336,5,ok
matscipy-neighbours-gpu,4000,5.0,1,0.00871886103413999,0.007756073027849197,2245.90625,cubic,0.009333121124655008,10.715802192687988,5,ok
matscipy-neighbours-device,4000,5.0,1,0.009046494960784912,0.008107075933367014,2245.90625,cubic,0.09824479604139924,10.71639633178711,5,ok
alchemi-gpu,4000,5.0,1,0.10022639995440841,0.0988737449515611,2245.90625,cubic,3.924207440111786,10.888717651367188,5,ok
vesin-gpu,4000,5.0,1,0.01268812594935298,0.010956390993669629,2245.90625,cubic,0.014182412065565586,15.660881042480469,5,ok
ase,32000,5.0,1,4.211419059894979,4.195594442076981,2245.90625,cubic,4.274005951825529,1583.380612373352,5,ok
matscipy,32000,5.0,1,0.37108026491478086,0.37004069006070495,2245.90625,cubic,0.35737546696327627,101.6854305267334,5,ok
matscipy-neighbours,32000,5.0,1,0.22189698508009315,0.22053166688419878,2245.90625,cubic,0.22229667799547315,85.81638145446777,5,ok
vesin,32000,5.0,1,0.39572054892778397,0.3938925520051271,2245.90625,cubic,0.3954504239372909,152.35117721557617,5,ok
matscipy-neighbours-gpu,32000,5.0,1,0.055201730923727155,0.054292807122692466,2245.90625,cubic,0.059327296912670135,85.69749164581299,5,ok
matscipy-neighbours-device,32000,5.0,1,0.05470609711483121,0.054172004107385874,2245.90625,cubic,0.1471211111638695,85.69790267944336,5,ok
alchemi-gpu,32000,5.0,1,0.20655062701553106,0.20455767214298248,2245.90625,cubic,4.273560325149447,85.86911392211914,5,ok
vesin-gpu,32000,5.0,1,0.08125238306820393,0.0805777118075639,2245.90625,cubic,0.23595753801055253,125.24927520751953,5,ok
ase,108000,5.0,1,14.910279839998111,14.883444080129266,5545.46875,cubic,15.285966688999906,5343.851517677307,5,ok
matscipy,108000,5.0,1,1.199920958140865,1.184862423921004,2245.90625,cubic,1.173071273835376,343.1862850189209,5,ok
matscipy-neighbours,108000,5.0,1,0.7317804819904268,0.7275275900028646,2245.90625,cubic,0.7430232579354197,289.6280269622803,5,ok
vesin,108000,5.0,1,1.3520634828601032,1.3462595981545746,2245.90625,cubic,1.340860719094053,514.1676292419434,5,ok
matscipy-neighbours-gpu,108000,5.0,1,0.1863349750638008,0.18581764888949692,2245.90625,cubic,0.19352916511707008,289.2193613052368,5,ok
matscipy-neighbours-device,108000,5.0,1,0.1856857391539961,0.18518138607032597,2245.90625,cubic,0.2791195628233254,289.2196807861328,5,ok
alchemi-gpu,108000,5.0,1,0.6181731871329248,0.6089134889189154,2245.90625,cubic,5.048792301909998,289.3941459655762,5,ok
vesin-gpu,108000,5.0,1,0.2613501059822738,0.26027676300145686,2245.90625,cubic,0.41974658612161875,422.70406341552734,5,ok
ase,32000,3.0,1,0.9812211859971285,0.9769739259500057,2245.90625,cubic,1.0131604911293834,363.6960496902466,5,ok
matscipy,32000,3.0,1,0.08536757901310921,0.08478109212592244,2245.90625,cubic,0.08294139197096229,25.5135555267334,5,ok
matscipy-neighbours,32000,3.0,1,0.0580949280411005,0.05750084901228547,2245.90625,cubic,0.0589600398670882,19.165990829467773,5,ok
vesin,32000,3.0,1,0.08279652195051312,0.08114946098066866,2245.90625,cubic,0.09609973011538386,34.43125534057617,5,ok
matscipy-neighbours-gpu,32000,3.0,1,0.013528364012017846,0.01304320408962667,2245.90625,cubic,0.014712228905409575,19.04710102081299,5,ok
matscipy-neighbours-device,32000,3.0,1,0.014165035914629698,0.013478958047926426,2245.90625,cubic,0.107936309883371,19.047466278076172,5,ok
alchemi-gpu,32000,3.0,1,0.11263751494698226,0.11191024887375534,2245.90625,cubic,3.9414244631771,19.217890739440918,5,ok
vesin-gpu,32000,3.0,1,0.02191932895220816,0.02176120807416737,2245.90625,cubic,0.1709122380707413,27.83721160888672,5,ok
ase,32000,4.0,1,2.6181361961644143,2.6139508499763906,2245.90625,cubic,2.635292376857251,898.6736764907837,5,ok
matscipy,32000,4.0,1,0.18506027315743268,0.18359450693242252,2245.90625,cubic,0.18523122114129364,50.9041805267334,5,ok
matscipy-neighbours,32000,4.0,1,0.09817334893159568,0.09790940792299807,2245.90625,cubic,0.10041626309975982,28.687475204467773,5,ok
vesin,32000,4.0,1,0.15262297401204705,0.15147419390268624,2245.90625,cubic,0.15907679498195648,51.27700424194336,5,ok
matscipy-neighbours-gpu,32000,4.0,1,0.020102998008951545,0.019935382064431906,2245.90625,cubic,0.02227905299514532,28.568631172180176,5,ok
matscipy-neighbours-device,32000,4.0,1,0.020924874115735292,0.02083330601453781,2245.90625,cubic,0.11181167489849031,28.56899642944336,5,ok
alchemi-gpu,32000,4.0,1,0.1364564939867705,0.13085905485786498,2245.90625,cubic,3.9210143520031124,28.740696907043457,5,ok
vesin-gpu,32000,4.0,1,0.031463708030059934,0.030955476919189095,2245.90625,cubic,0.18241664883680642,41.75322723388672,5,ok
ase,32000,5.0,1,4.15697236196138,4.1506811829749495,2245.90625,cubic,4.183212856994942,1583.380612373352,5,ok
matscipy,32000,5.0,1,0.36723533901385963,0.36662054783664644,2245.90625,cubic,0.3522237839642912,101.6854305267334,5,ok
matscipy-neighbours,32000,5.0,1,0.22050152509473264,0.21906904480420053,2245.90625,cubic,0.22719759307801723,85.81638145446777,5,ok
vesin,32000,5.0,1,0.3875682658981532,0.38598156115040183,2245.90625,cubic,0.3899405640549958,152.35126876831055,5,ok
matscipy-neighbours-gpu,32000,5.0,1,0.053797661093994975,0.05310194403864443,2245.90625,cubic,0.05839548702351749,85.69762897491455,5,ok
matscipy-neighbours-device,32000,5.0,1,0.05415919702500105,0.05375999491661787,2245.90625,cubic,0.14699833700433373,85.69799423217773,5,ok
alchemi-gpu,32000,5.0,1,0.20476788305677474,0.20321757206693292,2245.90625,cubic,4.309756312053651,85.86936283111572,5,ok
vesin-gpu,32000,5.0,1,0.08049967489205301,0.08021269901655614,2245.90625,cubic,0.2347022609319538,125.24927520751953,5,ok
ase,32000,6.0,1,8.659977247007191,8.648318089079112,3436.32421875,cubic,8.687459324952215,3234.4780702590942,5,ok
matscipy,32000,6.0,1,0.7189986249431968,0.7179446320515126,2245.90625,cubic,0.6788384120445698,203.2479305267334,5,ok
matscipy-neighbours,32000,6.0,1,0.3443358929362148,0.3429095968604088,2245.90625,cubic,0.35462711891159415,123.90231895446777,5,ok
vesin,32000,6.0,1,0.6122060769703239,0.6067412851843983,2245.90625,cubic,0.5989432900678366,219.73403549194336,5,ok
matscipy-neighbours-gpu,32000,6.0,1,0.07899456704035401,0.07720235595479608,2245.90625,cubic,0.0853906930424273,123.78347492218018,5,ok
matscipy-neighbours-device,32000,6.0,1,0.08074152003973722,0.07945053186267614,2245.90625,cubic,0.1768775989767164,123.78393173217773,5,ok
alchemi-gpu,32000,6.0,1,0.32001350400969386,0.3176607619971037,2245.90625,cubic,4.364627454895526,123.95691776275635,5,ok
vesin-gpu,32000,6.0,1,0.1162307420745492,0.11549273109994829,2245.90625,cubic,0.2743447090033442,180.91338348388672,5,ok
ase,32000,7.0,1,12.59953924594447,12.592088917968795,4664.63671875,cubic,12.671988476999104,4400.214192390442,5,ok
matscipy,32000,7.0,1,1.0051626171916723,0.9994723671115935,2245.90625,cubic,0.9744205379392952,406.3729305267334,5,ok
matscipy-neighbours,32000,7.0,1,0.5266286660917103,0.5237938910722733,2245.90625,cubic,0.5264754300005734,212.76950645446777,5,ok
vesin,32000,7.0,1,0.961610710946843,0.9567830490414053,2245.90625,cubic,0.9594669579528272,376.96059799194336,5,ok
matscipy-neighbours-gpu,32000,7.0,1,0.13918883400037885,0.13814763585105538,2245.90625,cubic,0.14492028090171516,212.65062046051025,5,ok
matscipy-neighbours-device,32000,7.0,1,0.139278429094702,0.13809914398007095,2245.90625,cubic,0.23151900013908744,212.6510772705078,5,ok
alchemi-gpu,32000,7.0,1,0.48093030601739883,0.4759510480798781,2245.90625,cubic,4.6376264749560505,212.82145977020264,5,ok
vesin-gpu,32000,7.0,1,0.19437690894119442,0.19363734498620033,2245.90625,cubic,0.35259948391467333,310.79605865478516,5,ok
ase,32000,8.0,1,27.833097686991096,27.75464676390402,8643.14453125,cubic,27.768596993060783,8524.678421974182,5,ok
matscipy,32000,8.0,1,1.7441818960942328,1.7262247679755092,2245.90625,cubic,1.696660754038021,406.3729305267334,5,ok
matscipy-neighbours,32000,8.0,1,0.8392077111639082,0.8358541980851442,2245.90625,cubic,0.8350590530317277,317.5058345794678,5,ok
vesin,32000,8.0,1,1.4879232179373503,1.48595136590302,2245.90625,cubic,1.4848070931620896,562.2632865905762,5,ok
matscipy-neighbours-gpu,32000,8.0,1,0.21049391897395253,0.20831480505876243,2245.90625,cubic,0.2121298760175705,317.38699436187744,5,ok
matscipy-neighbours-device,32000,8.0,1,0.21027128701098263,0.20942832506261766,2245.90625,cubic,0.31047978694550693,317.38731384277344,5,ok
alchemi-gpu,32000,8.0,1,0.6726425578817725,0.668538972036913,2245.90625,cubic,4.911790526006371,317.55816650390625,5,ok
vesin-gpu,32000,8.0,1,0.2951719630509615,0.2943126631435007,2245.90625,cubic,0.45482897805050015,463.8723678588867,5,ok
